lwdl;KAW
1.0455317;11.477208
1.1464116;11.669534
1.2477167;9.945483
1.3489982;8.386885
1.4999062;5.463043
1.6471333;3.531884
2.0949035;1.24028
0.6493975;3.635308
0.8473627;5.508896
1.1476669;11.173187
1.3675536;7.490608
1.9492542;1.268724
0.5006622;2.119732
1.1466077;10.814742
1.3696612;8.3178
1.4964846;5.325198
1.9469126;1.461898
0.500406;3.236467
0.6484035;2.973508
0.7491403;3.758648
0.8484277;5.867341
1.1456844;9.863466
1.3666019;6.663408
1.9446423;1.406676
